{
    "client": "Thunder Client",
    "collectionName": "Template",
    "dateExported": "2023-05-01T06:34:48.325Z",
    "version": "1.1",
    "folders": [],
    "requests": [
        {
            "_id": "92375c51-94da-49f6-bca2-6600ea3cc0e0",
            "colId": "49dde3b8-8aa6-4618-b530-4a487d409dc8",
            "containerId": "",
            "name": "put check ok",
            "url": "http://localhost:4000/test/checkOK",
            "method": "GET",
            "sortNum": 10000,
            "created": "2023-05-01T06:31:34.303Z",
            "modified": "2023-05-01T06:31:34.303Z",
            "headers": [],
            "params": [],
            "tests": []
        },
        {
            "_id": "6489b0cb-dc09-471f-907b-db8da556d973",
            "colId": "49dde3b8-8aa6-4618-b530-4a487d409dc8",
            "containerId": "",
            "name": "put check bad",
            "url": "http://localhost:4000/test/checkBAD",
            "method": "GET",
            "sortNum": 20000,
            "created": "2023-05-01T06:32:26.339Z",
            "modified": "2023-05-01T06:32:26.339Z",
            "headers": [],
            "params": [],
            "tests": []
        },
        {
            "_id": "a18c77c1-e319-41a2-9b1b-a81031d231b9",
            "colId": "49dde3b8-8aa6-4618-b530-4a487d409dc8",
            "containerId": "",
            "name": "post check ok",
            "url": "http://localhost:4000/test/checkOK",
            "method": "POST",
            "sortNum": 30000,
            "created": "2023-05-01T06:32:50.301Z",
            "modified": "2023-05-01T06:32:50.301Z",
            "headers": [],
            "params": [],
            "tests": []
        },
        {
            "_id": "ffd5a6d2-783c-4268-8435-e41a482db5cf",
            "colId": "49dde3b8-8aa6-4618-b530-4a487d409dc8",
            "containerId": "",
            "name": "post check bad",
            "url": "http://localhost:4000/test/checkBAD",
            "method": "POST",
            "sortNum": 40000,
            "created": "2023-05-01T06:33:10.517Z",
            "modified": "2023-05-01T06:33:10.517Z",
            "headers": [],
            "params": [],
            "tests": []
        },
        {
            "_id": "68ffd825-e208-4d08-a3b9-6a170ee4028f",
            "colId": "49dde3b8-8aa6-4618-b530-4a487d409dc8",
            "containerId": "",
            "name": "put check OK",
            "url": "http://localhost:4000/test/checkOK",
            "method": "PUT",
            "sortNum": 50000,
            "created": "2023-05-01T06:33:34.981Z",
            "modified": "2023-05-01T06:33:34.981Z",
            "headers": [],
            "params": [],
            "tests": []
        },
        {
            "_id": "84de2869-ed91-4150-93c6-c71879f7a1db",
            "colId": "49dde3b8-8aa6-4618-b530-4a487d409dc8",
            "containerId": "",
            "name": "put check bad",
            "url": "http://localhost:4000/test/checkBAD",
            "method": "PUT",
            "sortNum": 60000,
            "created": "2023-05-01T06:33:51.462Z",
            "modified": "2023-05-01T06:33:51.462Z",
            "headers": [],
            "params": [],
            "tests": []
        },
        {
            "_id": "646716b6-7360-4b52-99d6-effd491cc331",
            "colId": "49dde3b8-8aa6-4618-b530-4a487d409dc8",
            "containerId": "",
            "name": "DELETE check OK",
            "url": "http://localhost:4000/test/checkOK",
            "method": "DELETE",
            "sortNum": 70000,
            "created": "2023-05-01T06:34:12.999Z",
            "modified": "2023-05-01T06:34:12.999Z",
            "headers": [],
            "params": [],
            "tests": []
        },
        {
            "_id": "6f528361-47d6-469d-b684-29f908a5ae8e",
            "colId": "49dde3b8-8aa6-4618-b530-4a487d409dc8",
            "containerId": "",
            "name": "DELETE check BAD",
            "url": "http://localhost:4000/test/checkBAD",
            "method": "DELETE",
            "sortNum": 80000,
            "created": "2023-05-01T06:34:34.101Z",
            "modified": "2023-05-01T06:34:34.101Z",
            "headers": [],
            "params": [],
            "tests": []
        }
    ]
}
