{
	"info": {
		"_postman_id": "5242b8e0-325f-4859-89eb-eded3682b44a",
		"name": "Northwind",
		"schema": "https://schema.getpostman.com/json/collection/v2.1.0/collection.json",
		"_exporter_id": "881012"
	},
	"item": [
		{
			"name": "Get Root",
			"request": {
				"method": "GET",
				"header": [],
				"url": {
					"raw": "localhost:5000",
					"host": [
						"localhost"
					],
					"port": "5000"
				}
			},
			"response": []
		},
		{
			"name": "Get All Products",
			"request": {
				"method": "GET",
				"header": [],
				"url": {
					"raw": "http://localhost:5000/api/products",
					"protocol": "http",
					"host": [
						"localhost"
					],
					"port": "5000",
					"path": [
						"api",
						"products"
					]
				}
			},
			"response": []
		},
		{
			"name": "Add New Product",
			"request": {
				"method": "POST",
				"header": [],
				"body": {
					"mode": "raw",
					"raw": "{\r\n    \"name\": \"Apple\",\r\n    \"price\": 3.5,\r\n    \"stock\": 100\r\n}",
					"options": {
						"raw": {
							"language": "json"
						}
					}
				},
				"url": {
					"raw": "http://localhost:5000/api/products",
					"protocol": "http",
					"host": [
						"localhost"
					],
					"port": "5000",
					"path": [
						"api",
						"products"
					]
				}
			},
			"response": []
		}
	]
}