{
	"info": {
		"_postman_id": "0018f130-2796-4ec8-97c7-bcb11a31fef9",
		"name": "Book Store REST API",
		"schema": "https://schema.getpostman.com/json/collection/v2.1.0/collection.json"
	},
	"item": [
		{
			"name": "GET all genres",
			"request": {
				"method": "GET",
				"header": [],
				"url": {
					"raw": "http://localhost:3001/api/genres",
					"protocol": "http",
					"host": [
						"localhost"
					],
					"port": "3001",
					"path": [
						"api",
						"genres"
					]
				}
			},
			"response": []
		},
		{
			"name": "GET all books",
			"request": {
				"method": "GET",
				"header": [],
				"url": {
					"raw": "http://localhost:3001/api/books",
					"protocol": "http",
					"host": [
						"localhost"
					],
					"port": "3001",
					"path": [
						"api",
						"books"
					]
				}
			},
			"response": []
		},
		{
			"name": "POST new book",
			"request": {
				"method": "POST",
				"header": [],
				"body": {
					"mode": "raw",
					"raw": "    {\r\n        \"bookName\": \"מעללי גל בקורס פולסטאק\",\r\n        \"summary\": \"מעללי גל בקורס פולסטאק - תקציר: בלה בלה...\",\r\n        \"genreId\": 3,\r\n        \"price\": 80,\r\n        \"stock\": 20\r\n    }",
					"options": {
						"raw": {
							"language": "json"
						}
					}
				},
				"url": {
					"raw": "http://localhost:3001/api/books",
					"protocol": "http",
					"host": [
						"localhost"
					],
					"port": "3001",
					"path": [
						"api",
						"books"
					]
				}
			},
			"response": []
		},
		{
			"name": "DELETE book",
			"request": {
				"method": "DELETE",
				"header": [],
				"url": {
					"raw": "http://localhost:3001/api/books/4",
					"protocol": "http",
					"host": [
						"localhost"
					],
					"port": "3001",
					"path": [
						"api",
						"books",
						"4"
					]
				}
			},
			"response": []
		}
	]
}